{
  "dataset": "openmarinedata_synth_v1",
  "baselines": {
    "IsolationForest": {
      "threshold": 0.5871126608071024,
      "pointwise_f1_tol5": {
        "tp": 37,
        "fp": 0,
        "fn": 2474,
        "precision": 0.9999999999729731,
        "recall": 0.014735165272793813,
        "f1": 0.02904238615659988
      },
      "event_f1": {
        "tp": 4,
        "fp": 9,
        "fn": 27,
        "precision": 0.30769230766863903,
        "recall": 0.1290322580603538,
        "f1": 0.181818181393595
      }
    },
    "LSTM-AE": {
      "threshold": 5.489614686965942,
      "pointwise_f1_tol5": {
        "tp": 45,
        "fp": 0,
        "fn": 2466,
        "precision": 0.9999999999777779,
        "recall": 0.01792114695339788,
        "f1": 0.03521126757101489
      },
      "event_f1": {
        "tp": 1,
        "fp": 0,
        "fn": 30,
        "precision": 0.9999999989999999,
        "recall": 0.03225806451508845,
        "f1": 0.06249999993554687
      }
    },
    "RoLA-v2-Lite": {
      "threshold": 2.969861031126849,
      "pointwise_f1_tol5": {
        "tp": 72,
        "fp": 3,
        "fn": 2439,
        "precision": 0.9599999999872,
        "recall": 0.02867383512543661,
        "f1": 0.055684454700015075
      },
      "event_f1": {
        "tp": 23,
        "fp": 37,
        "fn": 8,
        "precision": 0.38333333332694447,
        "recall": 0.7419354838470343,
        "f1": 0.5054945050341746
      }
    }
  }
}